{
  "width": 800,
  "height": 600,
  "type": "model-layer",
  "translate": {
    "x": 0,
    "y": 199
  },
  "scale": {
    "x": 0.9,
    "y": 0.9
  },
  "components": [
    {
      "type": "indicator",
      "xx": 0,
      "left": 258.6111111111111,
      "top": 148.4722222222222,
      "width": 419.44444444444434,
      "height": 83.88888888888891,
      "fillStyle": "black",
      "strokeStyle": "darkgray",
      "rotation": 0
    },
    {
      "type": "mqtt",
      "xx": 0,
      "left": 95.97222222222223,
      "top": 141.11111111111111,
      "width": 100,
      "height": 100,
      "hidden": true,
      "dataFormat": "json",
      "rotation": 0,
      "broker": "localhost",
      "port": 10001
    }
  ]
}