{
  "width": 1920,
  "height": 1080,
  "type": "model-layer",
  "translate": {
    "x": 576.2443662889148,
    "y": 187.38569753810071
  },
  "scale": {
    "x": 0.38981481481481495,
    "y": 0.38981481481481495
  },
  "components": []
}